RJ0R70HT1ZMJP5TZ,2000-08-01,Dominique,Alonso,clarinda-nance@hotmail.com
ZH63DR4PEJ2MBDRQ,2008-12-22,Lauralee,Bey,kenisha483@constraints.com
A4UPZ3TDFYRQSUR0,1980-03-05,Taylor,Wendt,lincoln580@nav.com
DAN7S0Q2BHLMOIIB,2006-01-01,Lorie,Chin,vicente.donovan@movie.com
BUMVHHK3IJKO69NG,1991-05-08,Shaunda,Keegan,sooames74@gmail.com
CSK96T5HV1O2YYN8,2021-02-28,Star,Bolt,rodrick703@yahoo.com
IZ2U6E1PEX5PXMVO,2011-07-19,Mohammed,Horn,lizethbolin@yahoo.com
P6BJ6UK6T2C8QS6Z,1973-04-23,Holley,Garland,matilde_pinkerton0738@gmail.com
VHV8RQR0HUFR5AFF,2018-09-11,Edythe,Frey,misti.franco61@bidder.com
04UOYQBZM7QC0ID7,1997-08-13,Loraine,Yoo,marquerite4@hotmail.com
